{"vehicle_age_mean": 6.025227125243348, "km_driven_mean": 55423.60756002596, "mileage_mean": 19.73697517845555, "engine_mean": 1484.1945165476964, "max_power_mean": 100.36177563270603, "seats_mean": 5.326411421155094}